period,n_customers,event_rate,gini,auc,gini_delta_from_baseline,alert
0,4800,0.221,0.7204,0.8602,0.0,🟢 OK
1,4800,0.2315,0.7178,0.8589,-0.0026000000000000467,🟢 OK
2,4800,0.2233,0.7228,0.8614,0.0023999999999999577,🟢 OK
3,4800,0.2435,0.7832,0.8916,0.06279999999999997,🟢 OK
4,4800,0.1994,0.772,0.886,0.05159999999999998,🟢 OK
