period,n_customers,event_rate,gini,auc,gini_delta_from_baseline,alert
0,4800,0.219,0.6262,0.8131,0.0,🟢 OK
1,4800,0.2275,0.6318,0.8159,0.005600000000000049,🟢 OK
2,4800,0.2427,0.6638,0.8319,0.03759999999999997,🟢 OK
3,4800,0.2015,0.6802,0.8401,0.05400000000000005,🟢 OK
4,4800,0.2154,0.6846,0.8423,0.05840000000000001,🟢 OK
